X,Y,Z
5.0,5.0,5.0
5.02387808177257,5.731178664650224,5.089559475475398
5.093332362310156,6.461241644792304,5.203629210308762
5.20554074783217,7.195933632354212,5.3442832946373535
5.3582121052009315,7.94033554293906,5.5142648267019085
5.549509762595806,8.698874518859318,5.71695566880268
5.777979744802649,9.475314331192996,5.9563628631159915
6.0424823531296,10.27272387697385,6.237115611037484
6.3421253913625835,11.09342142592545,6.564467021984463
6.676197202499292,11.938893654915558,6.944294043805877
7.0440979874521705,12.80968699682588,7.383089401701441
7.445267590322336,13.705270947913064,7.8879375868067925
7.879108236164183,14.623873112477758,8.4664663724353
8.344900638238657,15.562287546699928,9.126763009176733
8.841712484069545,16.515660273877344,9.877244452395336
9.368298362462802,17.477259020684247,10.726467911038474
9.922991084412715,18.438238676521685,11.682868416866528
10.503585185947243,19.38741950837763,12.754410210270194
11.107214686159883,20.311101877352794,13.948140786267457
11.730228794235732,21.192948661072823,15.269640972904043
12.368071296096362,22.01397413853087,16.722372307709936
13.015171697096159,22.752684448351207,18.30693487224948
13.6648587188369,23.385418085067965,20.02026507114435
14.309309161539082,23.886932843113154,21.854823235782888
14.93954701756826,24.23127543975711,23.797843886451137
15.545508482613032,24.392949223132934,25.830743935772905
16.11618748494013,24.348362428141115,27.928801262053806
16.639872892321197,24.07749522790043,30.06122167512877
17.1044821852822,23.565672113954847,32.19169979886983
17.497987055165936,22.80527519287875,34.27954329605514
17.80891473329619,21.797195258454337,36.281369089084585
18.026896075748155,20.551803868818496,38.15329826134555
18.143219918937774,19.089253657423402,39.8534874252534
18.151345548840265,17.43897680043271,41.34475597237824
18.04732241956158,15.638353406346496,42.59701646142752
17.830071746817943,13.730639987210395,43.58921469372728
17.501497638718575,11.762365334646514,44.31053925580872
17.06641335084934,9.780483041656758,44.76075806394515
16.532289297694756,7.829603431624456,44.949665937764756
15.908849678812546,5.949603375453487,44.895754824694244
15.20755951360548,4.173835998778746,44.624316364503514
14.4410522840198,2.528057278497182,44.16524043758939
13.622549134363872,1.030078148377778,43.55077651295136
12.765314583473948,-0.3099461348020896,42.81348571436289
11.88218293535672,-1.488736538919745,41.984543013673395
10.985176804038474,-2.508794803064277,41.09247344957641
10.085226591802579,-3.3771608131770354,40.16233653422748
9.191989126505419,-4.104164445637073,39.2153201878811
8.313755795786099,-4.702275230021393,38.26867243705929
7.457435833541107,-5.185113793933657,37.33588560653335
6.628598294144941,-5.566653679614499,36.42704823061589
5.831556542079679,-5.860615969362471,35.54929105514947
5.06948044163723,-6.080040881900935,34.70726797045314
4.344523863966524,-6.2370107531015995,33.90362927996783
3.657957708682135,-6.342495023243289,33.13945937003207
3.0103011681704137,-6.4062884572830905,32.4146630259203
2.401446107127197,-6.437016056408364,31.728293583125133
1.8307716589981762,-6.442184175863863,31.07882332208333
1.2972469980315802,-6.428259483600407,30.464359242914412
0.7995218717685467,-6.400763269727913,29.882810698672387
0.3360049649960539,-6.364371718993877,29.33201581001767
-0.09506927230875017,-6.323015645763146,28.809833697610124
-0.4955844145223693,-6.279975585482059,28.31420913835296
-0.8674953919060833,-6.237969809711273,27.8432155208766
-1.2127902490207363,-6.199234068139045,27.39508111354405
-1.533459233069439,-6.165592662983515,26.968202837206725
-1.8314701848076316,-6.138521027992468,26.561150923418943
-2.1087492937363272,-6.119200285849908,26.172667146917014
-2.3671663692356324,-6.108564442389038,25.801658746467194
-2.6085238872861063,-6.107340944659756,25.447189626659625
-2.8345491673288343,-6.116085330392717,25.1084700343847
-3.0468891060611636,-6.135210683846319,24.78484560635456
-3.2471070507331397,-6.165012453648861,24.475786321658873
-3.436681231523466,-6.205689426974774,24.180876009651623
-3.617004639930078,-6.25736107700976,23.89980236929659
-3.7893859047472573,-6.320081898949238,23.63234786791325
-3.9550509254860753,-6.393853099929088,23.378381562257463
-4.11514508318231,-6.478631933038788,23.13785182347524
-4.2707358546221235,-6.574338951641615,22.91077993606594
-4.422815654373176,-6.680863424913552,22.697254515621207
-4.572304791355786,-6.7980671067520815,22.497426656489704
-4.720054430367357,-6.925786523851394,22.311505709358528
-4.866849462908721,-7.0638339225705495,22.139755578078574
-5.013411214303116,-7.21199699118782,21.982491417127996
-5.160399923638701,-7.3700374559001975,21.840076605230728
-5.308416927720048,-7.5376886574985456,21.712919872479635
-5.458006536667627,-7.714652140254173,21.601472443927552
-5.6096575182928605,-7.900593390032077,21.506225059602258
-5.76380420382085,-8.095136723834703,21.42770477114939
-5.920827145031553,-8.297859483567766,21.366471270786512
-6.081053350975053,-8.508285539916242,21.323112717861807
-6.244756066626076,-8.725878225556102,21.298240861646416
-6.412154089461745,-8.950032813351573,21.292485275574602
-6.583410637452594,-9.180068673915017,21.306486553051776
-6.758631778807978,-9.415221237411487,21.3408883451789
-6.937864428080338,-9.654633829473966,21.39632816749496
-7.121093980833358,-9.8973500219455,21.47342640917996
-7.308241585032534,-10.142306104265588,21.57277410140921
-7.499161143887511,-10.388324500836099,21.694918738932625
-7.693636151514624,-10.634108403808671,21.840348362830742
-7.891376341575289,-10.878237517231133,22.00947392730521
-8.092014461342346,-11.119166242474591,22.202609765451285
-8.295103134994692,-11.355223913839117,22.41995257891784
-8.500111981655769,-11.584617812452878,22.661558797636502
-8.706425425445623,-11.805440185323832,22.927321085424087
-8.913340973507276,-12.015678375374891,23.216943967265525
-9.120068526458978,-12.213229783661959,23.529919332476947
-9.325730959026165,-12.395921682326215,23.865503047534762
-9.529365797137018,-12.561535490562772,24.222692197730197
-9.729928871696375,-12.707836966843544,24.600205674927057
-9.926299656053189,-12.832610943507333,24.996468059727764
-10.117288552407423,-12.933701330813834,25.409597309677093
-10.301646880928951,-13.009055117968117,25.83740085487262
-10.478078640384776,-13.05676997816359,26.277376016697325
-10.645254935482336,-13.075144184826863,26.72671996613335
-10.80183079346492,-13.062727386869678,27.18234902361655
-10.946463961696518,-13.018370165254954,27.640926894233203
-11.077835748350843,-12.941270898465447,28.098903099743
-11.194673336262998,-12.831017539218623,28.552560897074734
-11.295773186032138,-12.687622330014563,28.998074220913093
-11.380024660948862,-12.51154619068896,29.431571878185785
-11.446433681988351,-12.303713745308029,29.849207936402948
-11.494145166094636,-12.065514254765164,30.24723541886977
-11.522463751175986,-11.798789840008903,30.62208098727304
-11.530871935924857,-11.505809689913123,30.97041770502913
-11.519044959905191,-11.18923094117615,31.289232911423973
-11.486861787801862,-10.852047304811832,31.575888424935524
-11.434411710804744,-10.497527191813838,31.828170574428707
-11.361996256728638,-10.129143724295993,32.04432801048611
-11.270126265708303,-9.750499396996643,32.223095901708014
-11.159514202446534,-9.365248447310243,32.36370579308678
-11.0310619642075,-8.977020033692279,32.465881164861905
-10.88584462789746,-8.58934520047241,32.52981944583746
-10.725090727495171,-8.205590245841751,32.55616186927145
-10.550159774543037,-7.828898699622285,32.54595307577806
-10.36251781134984,-7.4621435194430275,32.50059274206252
-10.163711819041062,-7.107890498863169,32.421781706858525
-9.955343793335228,-6.7683732594485395,32.311465094719935
-9.73904525323295,-6.445479620269138,32.171774816017994
-9.516452867291802,-6.140748640967781,32.00497357177941
-9.289185772320975,-5.85537726665619,31.813402128714838
-9.058825113470139,-5.590235002387988,31.59943149312653
-8.826895971004603,-5.345885492765678,31.365420407284027
-8.594852116305907,-5.1226129218244125,31.11367948454049
-8.36406353367991,-4.920451979660064,30.84644171004632
-8.135806761138493,-4.739219821453408,30.565839412470964
-7.911257950244113,-4.578548770981802,30.273887353960887
-7.691488475834402,-4.437918628168149,29.9724714042842
-7.477462875487586,-4.31668772714375,29.66334216855678
-7.2700388675658765,-4.2141220636784995,29.348112865683458
-7.069969171645613,-4.129422001629641,29.028260727037733
-6.8779048462400025,-4.061746255222915,28.705131210887668
-6.694399849780262,-4.0102329917700335,28.379944334347268
-6.519916641632099,-3.974018040750054,28.053802719665224
-6.354832392727414,-3.952250236660731,27.727700431043687
-6.199445786244008,-3.944104085568623,27.40253261984677
-6.0539840879093365,-3.948789910484787,27.079105346843967
-5.918610307232686,-3.9655617500515206,26.75814531855178
-5.79343038715435,-3.9937231909411617,26.440309468737663
-5.678500226355723,-4.032631398712548,26.126194089486134
-5.573832453097837,-4.081699599226898,25.816343449736873
-5.479402870632513,-4.14039826431933,25.511257845761456
-5.395156543752974,-4.208255125360791,25.21140108118334
-5.321013452415173,-4.284854269463259,24.917207332656215
-5.256873695277966,-4.36983447370233,24.62908743880262
-5.202622228518161,-4.4628869339865025,24.347434651659018
-5.158133140553299,-4.563752460162654,24.072629881310913
-5.123273452092412,-4.672218271987336,23.805046471268536
-5.097906448602727,-4.788114561932963,23.545054587124447
-5.081894584429629,-4.911310659394029,23.293025207182232
-5.075101927486419,-5.0417111242559365,23.049333810083773
-5.07739619592666,-5.17925158267451,22.81436377015809
-5.088650387395221,-5.323894459656521,22.58850950304159
-5.108744023414051,-5.475624552936869,22.372179387031988
-5.137564027223737,-5.634444453634712,22.165798476738125
-5.175005236929846,-5.800369808837371,21.969811021826388
-5.2209705797658605,-5.97342441119429,21.78468279889269
-5.275370909571704,-6.153635075302344,21.610903240997665
-5.338124515395888,-6.341026281852616,21.448987355978993
-5.409156318375068,-6.53561457974254,21.299477447205785
-5.4883967215712826,-6.737402602246007,21.162944452036857
-5.575780178493373,-6.9463728432139815,21.039989119052745
-5.6712433930805215,-7.162480966453217,20.9312426254799
-5.774723238588616,-7.385648765348124,20.837366927444567
-5.886154294475936,-7.615756646840212,20.7590543663545
-6.005466087737406,-7.852635672218735,20.697026841267668
-6.132579946153159,-8.096059158773203,20.652033998025416
-6.267405527559394,-8.345733778395449,20.624850749916984
-6.409836959746874,-8.601290332231667,20.616273525354547
-6.559748639441358,-8.862274035826914,20.627115545228637
-6.716990662277831,-9.128134704513862,20.658200496685506
-6.881383898138357,-9.398216584016579,20.710354877660535
-7.052714751427962,-9.671748457145107,20.784398398153655
-7.230729590943235,-9.947833703468099,20.881132659694973
-7.415128962838245,-10.225441202613403,21.00132759375708
-7.60556155289514,-10.503396731550433,21.14570581676336
-7.801618097679434,-10.780375995162151,21.314924562665137
-8.002825204924212,-11.054898969382908,21.509555309371834
-8.208639372886983,-11.325326901074494,21.730061026170617
-8.418441190404462,-11.589861713826188,21.976771186147165
-8.631530086411285,-11.846549292979676,22.24985480513458
-8.847119655679242,-12.093286466612298,22.549291807452242
-9.06433399314865,-12.3278331825057,22.87484333825856
-9.282205121767152,-12.547829656098308,23.22602165019984
-9.499671983420853,-12.75081993274473,23.602060499737135
-9.715581082227454,-12.934281401934863,24.001886873441528
-9.928689497661706,-13.095661180596784,24.424096929482115
-10.137669858076114,-13.23241891354405,24.866934048358765
-10.341118213904105,-13.342076198306946,25.328273906944133
-10.537564854522323,-13.422271219015444,25.80561792482605
-10.725487856548265,-13.470818057418706,26.296094018000666
-10.903329884546832,-13.485769288697831,26.79646867316634
-11.0695179319913,-13.465478909794678,27.30317071549607
-11.222485861352066,-13.408664878850763,27.81232709944807
-11.360699303708351,-13.314467037263322,28.319811557959827
-11.482682547860415,-13.182498411032348,28.821305139199165
-11.587046877995041,-13.012887276421429,29.312368884517408
-11.672519013105665,-12.806306106588888,29.788524740398785
-11.737969525260318,-12.563986541968148,30.245344530743075
-11.78243943910467,-12.287717506190994,30.678541268502485
-11.80516499339758,-11.97982578443672,31.084063630140268
-11.805598322082663,-11.643138872657092,31.45818321097276
-11.783424398761701,-11.280931098254428,31.797577392276324
-11.738572493703478,-10.896854377349944,32.09939929179578
-11.671222278211065,-10.494856685456643,32.36133436876696
-11.581803813597281,-10.079091357483088,32.58164013380345
-11.470991515431312,-9.653821211192948,32.75916777612303
-11.33969232033947,-9.223321635111573,32.893365257995704
-11.189028379160307,-8.791786666107273,32.98426235386627
-11.020315032954592,-8.363241826390972,33.03243894465367
-10.835034890518061,-7.941466988340918,33.03897914033123
-10.634808998935016,-7.529931666909273,33.00541381997729
-10.421366153450867,-7.13174444078765,32.93365498339072
-10.196511401888458,-6.749617251125181,32.82592519079981
-9.962094772183157,-6.385844554781479,32.684685374114544
-9.71998113189898,-6.04229655655344,32.51256396508835
-9.472021982364144,-5.720425153192011,32.31228985863362
-9.220029823952014,-5.421280868036028,32.08663121326946
-8.96575556708815,-5.1455386481100485,31.838341486998335
-8.710869307189908,-4.893530462198548,31.570113635814398
-8.456944600973971,-4.665282560301547,31.284542764355855
-8.205446260219775,-4.460555443703828,30.984097171049505
-7.957721556088541,-4.278884856615084,30.671097365947517
-7.714994631398912,-4.119622257707903,30.347702346923388
-7.4783638232532645,-3.981973507680441,30.015902243468428
-7.248801580560348,-3.8650352430098653,29.677516436539896
-7.027156646064222,-3.767827944648052,29.33419613310411
-6.814158109971745,-3.689325442436927,28.987430432025953
-6.610420974015324,-3.6284806967970193,28.638555038764352
-6.416452912740698,-3.5842478665812294,28.288762816719036
-6.232661896487149,-3.5556007470835165,27.939115511534172
-6.0593644023353646,-3.5415478053114815,27.59055608670535
-5.8967939527380775,-3.541144052078205,27.243921175514117
-5.745109792568061,-3.5535001588210435,26.89995340445809
-5.604405498741932,-3.5777890123004368,26.55931320313669
-5.474717386716601,-3.613250132889204,26.222589992934218
-5.356032598752323,-3.6591922431136443,25.890312634385264
-5.24829678468659,-3.7149942697106786,25.56295907204575
-5.151421308411564,-3.7801050614828715,25.240965150324488
-5.065289932369938,-3.8540420624184986,24.924732624570566
-4.989764958470508,-3.9363891478097583,24.614636411978
-4.924692814867402,-4.026793798940758,24.311031134913353
-4.869909076662627,-4.124963782094946,24.014257012565746
-4.82524293116195,-4.230663464364986,23.724645172609698
-4.790521128593276,-4.34370981254326,23.44252248340736
-4.765571390294367,-4.463968228222564,23.16821591666601
-4.750225328767162,-4.59134825203624,22.90205655444283
-4.7443209082149,-4.725799127228155,22.64438327960455
-4.747704446532768,-4.867305326608426,22.395546196556587
-4.760232203910187,-5.015882002220836,22.155909840573855
-4.781771568479501,-5.171570349019634,21.925856193286656
-4.8122018667534805,-5.334432913208521,21.70578755250318
-4.851414816367704,-5.504548776171669,21.496129260371923
-4.899314629709791,-5.682008598986927,21.297332298439148
-4.955817788984529,-5.866909497685941,21.109875761936546
-5.020852502973115,-6.05934970532989,20.934269213111083
-5.094357835214082,-6.259422940086776,20.771054845112975
-5.1762825215041195,-6.467212447846197,20.620809473965846
-5.266583464512911,-6.68278468800685,20.484146292013854
-5.365223909126871,-6.906182564582588,20.361716350097403
-5.472171271810357,-7.1374181705254,20.254209622986348
-5.58739464007397,-7.37646498392101,20.16235569548936
-5.710861893344258,-7.623249495095711,20.086923784018225
-5.842536469692828,-7.877642178931267,20.028722200646104
-5.982373713991843,-8.139447882146992,19.98859682018319
-6.1303168405770885,-8.408395476080505,19.967428742885268
-6.286292457694403,-8.684127020215053,19.96613054106405
-6.450205662493881,-8.966186164507643,19.98564137131941
-6.621934699980204,-9.254006332849684,20.026920188442862
-6.80132516157717,-9.546898217476716,20.090937399762783
-6.988183799435251,-9.844037558020363,20.178664120457018
-7.182271869597321,-10.144452481286033,20.291059360548807
-7.38329821580294,-10.447011913351634,20.429054377518394
-7.590911926538809,-10.75041408290934,20.593534414238874
-7.80469494706297,-11.053177189092766,20.7853173513451
-8.02415441364632,-11.353631093622191,21.005129286848103
-8.248715260786126,-11.649912531179291,21.25357709331697
-8.47771281826269,-11.939962672729118,21.531117689388537
-8.710386245113119,-12.221530159048536,21.838025128405235
-8.945872371011268,-12.49217796421541,22.17435472440163
-9.183200686301527,-12.749296696701292,22.539905536448035
-9.421289907093637,-12.990125311081464,22.93418266678038
-9.658946097329663,-13.21177869530716,23.356359187931506
-9.894863082013009,-13.411283899857585,23.80524011557848
-10.127625481324081,-13.585624934256584,24.279230071099544
-10.355714650851452,-13.731796446190325,24.776305762475243
-10.577517998538069,-13.846865450210991,25.293996603073413
-10.791341937954373,-13.92804057039641,25.82937446384772
-10.995428785006593,-13.972747944261283,26.37905537010056
-11.187977324995682,-13.97870941201945,26.939215142036538
-11.367167448023647,-13.944023861845913,27.505619912977345
-11.531188288599575,-13.86724588156576,28.073673208248383
-11.678269431837908,-13.747458209154113,28.638479848484042
-11.806714515191072,-13.584335742369086,29.194925313959097
-11.914936392880312,-13.378195491765668,29.737770076871136
-12.001492715424405,-13.130029754425943,30.261755541442113
-12.065120706016364,-12.84151917757127,30.76171812925377
-12.104769795154757,-12.515023487708728,31.23270723199144
-12.119630830864406,-12.153548959712495,31.670101861424108
-12.109160518600067,-11.760692529427514,32.06972081526569
-12.073099978036389,-11.340564859143802,32.42792082956997
-12.011486504226173,-10.897693960461297,32.74167859150747
-11.924657835161339,-10.436915228252726,33.00865189837583
-11.813248747618934,-9.96325135116395,33.227218102998265
-11.678179927279015,-9.481788634448446,33.39648783078085
-11.520639621779074,-8.99755488127445,33.516294514830285
-11.342058794072761,-8.515404443444385,33.587161003352776
-11.144080825670414,-8.039915070428398,33.610246081287386
-10.928527008894354,-7.575300317393598,33.587274585976324
-10.697359193699032,-7.1253401442783435,33.52045540217971
-10.452641004276485,-6.693331064147715,33.41239198008121
-10.196498982648373,-6.282056053279758,33.26598985607778
-9.931084928229787,-5.893773349241234,33.08436537959774
-9.658540506435031,-5.530222307157002,32.87075915061972
-9.38096501933542,-5.192644100289334,32.62845707389817
-9.10038699259598,-4.881814357637224,32.36072100352424
-8.818740027993384,-4.598084807254142,32.07073020740456
-8.537843102616977,-4.341431170988332,31.761534139349354
-8.259385362500144,-4.111504384216603,31.43601642652389
-7.984915252090955,-3.907683022639233,31.096869363385157
-7.715833709512241,-3.7291248518166946,30.74657796053903
-7.453391049969401,-3.574815940569142,30.387412323225185
-7.19868712001107,-3.443616224577064,30.021426996839743
-6.9526742336239975,-3.334300699215071,29.65046594627355
-6.716162426589904,-3.2455958379288736,29.2761718464721
-6.48982656043175,-3.1762110515787927,28.899998516548955
-6.274214836128333,-3.12486524444197,28.523225445890972
-6.069758320531551,-3.0903086702498195,28.14697353068168
-5.876781120898696,-3.0713404566868263,27.772221284316718
-5.6955109038556,-3.0668221688032316,27.399820972060102
-5.52608949544653,-3.0756878674089796,27.03051423783515
-5.368583344126165,-3.0969511192568047,26.664946921897737
-5.2229936703645405,-3.12970940211519,26.303682858667017
-5.089266173141413,-3.173146324534956,25.94721657338846
-4.967300199748245,-3.226532039562907,25.595984824490667
-4.856957282601962,-3.289222227272789,25.250376968857132
-4.758069052986685,-3.360655896247079,24.910744292605656
-4.6704444394310185,-3.4403523334544235,24.577408247002456
-4.593876193589624,-3.527907398894289,24.25066778948192
-4.528146751061848,-3.6229893168145444,23.93080590000764
-4.473033414419053,-3.725334183559216,23.61809534482593
-4.428312911631295,-3.834741272424396,23.312803829441442
-4.393765358137864,-3.951068210258056,23.015198617273782
-4.369177642894739,-4.074226145318245,22.725550703109157
-4.35434628784408,-4.204174921271489,22.44413863431094
-4.349079813393862,-4.340918273750437,22.171252038780032
-4.353200640428044,-4.484499095241358,21.90719493357673
-4.366546567505762,-4.634994743558177,21.652288867117477
-4.388971850485341,-4.792512378101506,21.40687593498758
-4.420347912061298,-4.957184313688381,21.171321713434875
-4.460563704870344,-5.12916330524687,20.946018113822404
-4.509525743524538,-5.308617826449139,20.73138622555136
-4.567157826994958,-5.49572715319531,20.52787909519005
-4.633400456277439,-5.690676316188681,20.335984489816425
-4.708209956528741,-5.893650752340772,20.156227593341182
-4.79155730007609,-6.1048306803308545,19.989173645958353
-4.88342662922717,-6.324385049122539,19.835430463970283
-4.983813466846424,-6.552465030152123,19.6956508105728
-5.092722611341079,-6.7891969544778,19.570534534011806
-5.210165687123616,-7.0346746157936675,19.460830410837982
-5.336158331452703,-7.288950877152097,19.367337571593172
-5.4707170002985706,-7.5520284873379016,19.290906405062934
-5.613855359938193,-7.823850062131475,19.23243877664489
-5.765580235933266,-8.104287180179638,19.192887395895976
-5.92588708505253,-8.393128522370942,19.173254151231372
-6.094754975255975,-8.690067155549265,19.17458711657147
-6.272141018998322,-8.994686798390838,19.197976089268398
-6.457974282719097,-9.306447416656688,19.24454619872031
-6.6521490988061185,-9.62466990616394,19.31544950284084
-6.854517838159393,-9.948520488748677,19.411853939704123
-7.064883103894801,-10.2769946475728,19.534929616946734
-7.282989406147065,-10.608901304238412,19.685831776833844
-7.50851438618322,-10.942847593241687,19.865680351557153
-7.741059596596261,-11.27722458826975,20.07553559965157
-7.980141136094787,-11.61019537031577,20.316369815280883
-8.225180004562406,-11.939685117172218,20.589034608553995
-8.475492836106476,-12.263375870022594,20.89422436603399
-8.730282690654393,-12.578704987670296,21.232435092584026
-8.988630931554514,-12.882870857096439,21.60392041926253
-9.24948982392047,-13.172844739269621,22.00864380111271
-9.511676991469184,-13.445392178892707,22.446229580277578
-9.7738716311624,-13.697103407718762,22.915912796735174
-10.034613674467423,-13.924435306796871,23.416491690738557
-10.292305572474897,-14.123764024524911,23.946281528076273
-10.545218111831309,-14.2914501406544,24.503075995156603
-10.791500429347485,-14.42391550938805,25.084117492670217
-11.02919446138321,-14.517730033431548,25.686078602458704
-11.256254589448146,-14.56970818771398,26.305058984363267
-11.470572509437094,-14.577011870281888,26.93660035662368
-11.670006864724861,-14.537254788114343,27.57572130921227
-11.852418134655966,-14.448606981230729,28.216974362798886
-12.015707636702361,-14.309891922303851,28.854525618513186
-12.157859819031342,-14.120671021478072,29.48225639588406
-12.276986914847589,-13.881311449066523,30.093884736030045
-12.371374211368739,-13.593030236100157,30.683103415462263
-12.43952448536118,-13.257911600649583,31.243729177628595
-12.480199660849488,-12.878893617666662,31.769857097573304
-12.492457871655047,-12.459722943238079,32.2560128318504
-12.475684191842458,-12.004878094965036,32.69729507397705
-12.42961347860771,-11.519464057046,33.08950106448591
-12.354344088521525,-11.009081700571569,33.42922856654362
-12.250341649560585,-10.479679300125511,33.713948862003306
-12.118432605405532,-9.93739275819584,33.9420475748249
-11.959787724183919,-9.38838274109644,34.1128318666982
-11.775896272639152,-8.838676769783534,34.226504788062016
-11.568532033609445,-8.294023512366527,34.28410966226875
-11.339712683636357,-7.7597656076350106,34.28744886694266
-11.091654326775524,-7.240735671145371,34.23898287504157
-10.826723095869163,-6.741178108145169,34.14171593887675
-10.547385673642275,-6.26469846780973,33.999074719134086
-10.256160664621035,-5.814238944345508,33.81478658254136
-9.95557230931324,-5.392078602723117,33.59276262393396
-9.648107927777213,-4.999854887614958,33.336990041612054
-9.33618008536047,-4.638602720083359,33.051437062875
-9.022094187829298,-4.308806976613622,32.739972516104395
-8.708021870611185,-4.010464291115276,32.40630093787263
-8.395980296884247,-3.743150138299386,32.05391324157743
-8.087817197449523,-3.5060878719381012,31.686052078784595
-7.785201308827063,-3.298216752917941,31.305690504593986
-7.489617742434309,-3.118256821447599,30.91552226965071
-7.202367649680244,-2.9647686918479605,30.517961618986345
-6.924571610268835,-2.836207563924762,30.115150900001538
-6.657176065040645,-2.7309705344083497,29.708973925823642
-6.4009621618065395,-2.647437108551959,29.301073439087393
-6.156556422973958,-2.584003040925396,28.892871215215546
-5.924442706734291,-2.539107850988317,28.485589558287327
-5.7049749754458805,-2.5112565087354852,28.08027319019872
-5.49839045985875,-2.499035879347839,27.677810737336095
-5.304822893428448,-2.5011266250963944,27.278955330913526
-5.124315522925454,-2.5163111391668975,26.88434385529525
-4.956833680910969,-2.54347818684237,26.4945146504759
-4.80227675257206,-2.5816248195378826,26.10992354517297
-4.660489421093485,-2.629856092980229,25.73095820538041
-4.531272111375727,-2.6873830570390482,25.35795084064074
-4.41439058326131,-2.753519421082791,24.99118936344026
-4.309584658328423,-2.827677244586612,24.630927125560877
-4.216576080094193,-2.9093619446572077,24.27739137643244
-4.135075530200766,-2.9981668556982295,23.930790597225695
-4.06478883037087,-3.0937675383385295,23.591320858256474
-4.005422374837831,-3.195915983077531,23.259171349843864
-3.956687836121315,-3.304434831165459,22.93452921913914
-3.918306198002893,-3.4192116945966853,22.617583842468107
-3.8900111663533377,-3.5401936356062516,22.30853064526857
-3.871552009859621,-3.6673818409822667,22.00757457114876
-3.862695880560972,-3.8008265091183104,21.714933288786494
-3.863229660946942,-3.9406219462822363,21.43084021031908
-3.8729613850191185,-4.0869018809562405,21.155547403110027
-3.891721266107205,-4.239834929703797,20.88932841973023
-3.9193623782947977,-4.399620224297159,20.632481128210255
-3.9557610020834684,-4.566483111613243,20.385330538270352
-4.0008166910527265,-4.740670937556689,20.148231713965835
-4.0544520384848735,-4.922448765022495,19.92157270955537
-4.116612202713779,-5.112095053853372,19.705777628422588
-4.187264167188492,-5.30989715464705,19.501309741612364
-4.2663957482698995,-5.5161465726236125,19.308674689411355
-4.354014365415692,-5.731133919757886,19.128423766872316
-4.450145529534354,-5.955143423417865,18.96115721054552
-4.554831084088047,-6.1884469516698,18.80752752677462
-4.668127131558729,-6.431297393096813,18.668242726277178
-4.790101648431901,-6.683921321109889,18.544069424960774
-4.920831788003179,-6.946510848669104,18.43583582853079
-5.060400758955513,-7.219214507227588,18.344434245991042
-5.2088942583793925,-7.5021270384982115,18.270823091463672
-5.3663965162908855,-7.795278094728459,18.216028448645126
-5.532985796205087,-8.098619721837496,18.181144541598485
-5.708729275593103,-8.412012336576105,18.167333263068905
-5.893677427788229,-8.735209650455108,18.1758221714514
-6.0878576054102505,-9.067841813727393,18.207900889503367
-6.291267039094458,-9.409397637626537,18.26491525426112
-6.503865002329468,-9.759205206770458,18.34825905119924
-6.725564243457914,-10.116411648523137,18.459362697948016
-6.956221641921789,-10.47996214545285,18.599678372820527
-7.195627996045753,-10.848578101266646,18.77066122983181
-7.443497299367317,-11.220736493406301,18.973746006065635
-7.699455165341095,-11.594649160211029,19.21031856164423
-7.963026766090966,-11.968243913387996,19.4816820133726
-8.233624494380432,-12.33914902867578,19.789016939896843
-8.510535531847726,-12.704681997391207,20.133335585375253
-8.792909610069026,-13.061843407293631,20.515430292318808
-9.079747434096987,-13.407318580307367,20.935816098585416
-9.369890298860605,-13.737488569375095,21.394668788867694
-9.662011361042062,-14.048452322667899,21.891758708170023
-9.954609364552292,-14.336061535702218,22.426383851014982
-10.246005455489884,-14.595970916437274,22.997302137933573
-10.534344032904139,-14.82370352739666,23.60266833833326
-10.817598325047898,-15.01473447708508,24.239976981384714
-11.093581327960843,-15.164589017865733,24.90601807602926
-11.359963180372352,-15.268958846882636,25.59684684243928
-11.61429528668915,-15.3238312415879,26.30777441406658
-11.854041482262849,-15.32562648427853,27.03338426523674
-12.076616305331745,-15.27134227197804,27.767575361040667
-12.279430080829474,-15.158695645967118,28.503637492199104
-12.459940119432071,-14.986255474376126,29.23435922590032
-12.615706443867515,-14.753558658540976,29.952166167888482
-12.744450744532587,-14.461200181166813,30.649288449142052
-12.844116374430625,-14.110889959890072,31.31795122913968
-12.912926701110676,-13.705470350990499,31.950579599601873
-12.949439409707686,-13.248888597065738,32.5400094142494
-12.952594387101744,-12.74612530674964,33.07969327523225
-12.921751796543678,-12.203075632898228,33.563888478645055
-12.85671932081837,-11.626393470274598,33.987818733591425
-12.757766049680757,-11.023301300793774,34.347798112073875
-12.625622668432523,-10.401378785490527,34.64131166032671
-12.461467439780927,-9.768340117753919,34.867048362686674
-12.266898753469805,-9.131812828909402,35.02488599278712
-12.043895547053662,-8.499129609439988,35.11583069350605
-11.794767507481648,-7.877143197726431,35.14191702550431
-11.522097568597362,-7.272072522091481,35.10607643463031
-11.228679323829654,-6.689385178894549,35.01198361758943
-10.917452177819147,-6.1337189008805915,34.86389065151476
-10.591436864706326,-5.608841125473614,34.66645853442933
-10.253673704075775,-5.117645191143188,34.424594507409395
-9.907165679936496,-4.662177128345144,34.14330241407543
-9.554827752261916,-4.243688662883535,33.82755089016007
-9.19944355872716,-3.862709400420112,33.48216284483557
-8.843630017594483,-3.519132304520844,33.111727493796636
-8.489810003589259,-3.2123064309966383,32.72053492439418
-8.140192864772681,-2.9411318844616128,32.31253177091502
-7.796762285006186,-2.7041527214369334,31.891295867237652
-7.4612707630292165,-2.4996445785406083,31.460027079003936
-7.135239861459506,-2.325694732150098,31.021551350077534
-6.81996533684258,-2.1802731921028307,30.578335068966798
-6.516526196390345,-2.06129408654866,30.1325068642972
-6.225796809254548,-1.9666672809526276,29.685884396692344
-5.948461265552492,-1.894340582349335,29.24000407580558
-5.6850292414815184,-1.8423331732871993,28.796151939866487
-5.435852733975014,-1.8087611366795684,28.355394360899734
-5.201143135884399,-1.7918560155978818,27.918607592603337
-4.980988182596804,-1.789977469144359,27.48650541604042
-4.775368498971257,-1.801620816316861,27.059664583902823
-4.584173384164553,-1.8254205711230387,26.638547668211782
-4.407215715268326,-1.8601506432516115,26.223523367145443
-4.2442458090235995,-1.9047219953380234,25.814884277988753
-4.094964177034213,-1.9581783117656304,25.412862268118825
-3.9590331161523795,-2.019690359691567,25.01764166590607
-3.8360871692525795,-2.0885492890899764,24.629370455787004
-3.7257424514259547,-2.1641593632375815,24.248169730502948
-3.6276048902231897,-2.246030376659697,23.874141631604232
-3.541277442039096,-2.333769998034475,23.5073760047112
-3.4663663551955715,-2.4270761993141137,23.147955976452714
-3.4024865418608057,-2.525729909513529,22.79596264667204
-3.3492661422707406,-2.6295879851816726,22.45147906654561
-3.3063503516364032,-2.7385765731852882,22.11459366214998
-3.273404585556497,-2.8526848796237827,21.785403222544637
-3.2501170563074178,-2.971959365143087,21.46401557285606
-3.2362008144841523,-3.0964984048219604,21.150552043227993
-3.231395335157763,-3.2264473447949378,20.845149800282105
-3.235467694120828,-3.361993954301793,20.547964117552098
-3.248213386080383,-3.5033642494550175,20.259170653134948
-3.269456830914258,-3.6508186152573114,19.978967771913993
-3.2990516045437634,-3.804648204541161,19.707578966694914
-3.336880434313303,-3.965171542220904,19.44525541000895
-3.382854975408744,-4.132731278575883,19.192278666289443
-3.4369153974355147,-4.307691022275712,18.948963589774774
-3.499029794456883,-4.490432180680632,18.715661428343058
-3.56919342654986,-4.681350728220597,18.492763145974983
-3.64742779729709,-4.880853818129015,18.280702972504347
-3.733779564349088,-5.0893561462948735,18.079962187832678
-3.8283192741018843,-5.307275964374055,17.891073126534298
-3.9311399115722785,-5.535030643265117,17.7146234041494
-4.042355227884657,-5.773031650892364,17.551260315337995
-4.16209784716174,-6.021678855004058,17.401695408308974
-4.29051707945723,-6.281353964789599,17.266709122745976
-4.427776441441747,-6.5524130250647925,17.14715548116067
-4.574050806043546,-6.83517776790419,17.043966697976753
-4.729523132546193,-7.129925674631791,16.958157559683546
-4.8943807373992305,-7.436878608311029,16.890829508980868
-5.068810995719896,-7.756189804169534,16.843174074263537
-5.252996441303031,-8.087929117528416,16.816475531510278
-5.447109179000484,-8.432066326188323,16.81211256955556
-5.651304479526797,-8.788452426230855,16.831558172948956
-5.865713537449514,-9.156798705743322,16.876377926539583
-6.090435272951086,-9.5366538263032,16.948225544265398
-6.325527104653588,-9.927378484256502,17.048835843518944
-6.570994636130647,-10.328118510039603,17.18001341065697
-6.826780154535242,-10.737775540130743,17.343617631979846
-7.092750038214958,-11.15497728287015,17.54154167186643
-7.368680943304367,-11.578046525199374,17.775685811732593
-7.654244901153204,-12.00497010107466,18.04792424276381
-7.948993445715196,-12.4333698568196,18.360063415373574
-8.252340893855049,-12.86047596173766,18.713792154169198
-8.563547267625966,-13.283105127705479,19.110623179353528
-8.881700969581528,-13.697645345015358,19.55182497093333
-9.205701920770732,-14.100050126622772,20.038344507678655
-9.534245931790302,-14.485845186327593,20.570722292206202
-9.865810748514214,-14.850149711338924,21.14899965056371
-10.198645154105796,-15.187716608347058,21.772621819583506
-10.530761989616126,-15.492993599989196,22.440339935462546
-10.85993639114473,-15.760208329730297,23.150115933902416
-11.183710187882902,-15.98347857012864,23.899034482348977
-11.499404413279807,-16.156949057533552,24.683232044025907
-11.804140275828694,-16.274952700928296,25.497845828704712
-12.094870120400913,-16.332194066396994,26.33699289679812
-12.368418842699954,-16.32394953178307,27.193785994164713
-12.621535672315623,-16.246275757843108,28.060392170083613
-12.850956297072585,-16.096217270605855,28.928139077882246
-13.053473926772726,-15.87200065243895,29.787671099489405
-13.226017503227666,-15.57320186453082,30.62915404771564
-13.365734412814948,-15.200873151380433,31.44252289371043
-13.470074356923643,-14.75761736705134,32.21776334783838
-13.536870701535731,-14.247599351830038,32.94521476977861
-13.564415016743828,-13.676487283413966,33.61587768028877
-13.551520526826824,-13.051325482652334,34.22170543359062
-13.497571505794351,-12.380336931715746,34.75586815463846
-13.40255422160431,-11.672671588908978,35.21296286014546
-13.267068668957137,-10.938109438537023,35.58916445982056
-13.092319017516727,-10.18673919065556,35.88230291402707
-12.880083992582692,-9.428630754004953,36.09186680552303
-12.632668117347807,-8.67352177037484,36.21893367280638
-12.3528370017324,-7.9305355507439605,36.26603637354888
-12.043739905503816,-7.207944764012657,36.236976890964634
-11.708823893988466,-6.5129905078426376,36.13660317209262
-11.351743762085471,-5.851761497125688,35.97056504019387
-10.976271970419498,-5.229133305151628,35.74506522074091
-10.586212313964309,-4.648763413858453,35.46661957523656
-10.185320473467021,-4.1131346696548166,35.141838027601075
-9.777233822163884,-3.623637695600458,34.77723440768112
-9.365412070608642,-3.1806819133443414,34.37907012626341
-8.953089565448265,-2.783824908043846,33.953233541273995
-8.54323933126281,-2.4319107732048373,33.505154152762145
-8.138548461698552,-2.1232093878878335,33.03974910455353
-7.7414039234033725,-1.8555502444610004,32.56139775374205
-7.353887604982287,-1.6264462044291954,32.07393961206602
-6.977779263297439,-1.433204122274251,31.580690678739295
-6.614565924570875,-1.2730206524862764,31.08447327793474
-6.265456378443383,-1.143062791847517,30.58765515685637
-5.931399438935038,-1.040533485114183,30.09219401629587
-5.6131047962503064,-0.9627232937292672,29.599684414941766
-5.311065443277895,-0.9070494897056439,29.111404669997572
-5.025580806071339,-0.871084157701975,28.628361965690384
-4.756779901137634,-0.8525728799827766,28.15133449401842
-4.504643894194613,-0.8494457514842972,27.68090976581317
-4.269027742588257,-0.8598220335075687,27.21751884819703
-4.049680574395078,-0.88200983094289,26.761466371360406
-3.846264581264181,-0.9145020109088775,26.312956374243534
-3.6583723381837654,-0.9559693306831837,25.87211426247093
-3.4855424982962533,-1.0052515893624854,25.4390052216492
-3.3272738549610055,-1.0613474920621624,25.01364946190088
-3.1830378190334305,-1.123403775094674,24.596034686233867
-3.052289369510276,-1.1907040447982886,24.186126174664313
-2.9344765938955923,-1.2626575801942954,23.783874861267474
-2.8290488744015065,-1.3387884813509585,23.38922372725387
-2.735463874770793,-1.4187252252016547,23.002112834956932
-2.6531934186566444,-1.5021908129381152,22.622483258304307
-2.5817283703098037,-1.58899358604971,22.250280143361906
-2.520582632819698,-1.679018743771142,21.885455104171623
-2.4692963662368523,-1.772220597035108,21.527968112609106
-2.427438519750035,-1.8686155550494161,21.177789026253077
-2.3946087708583654,-1.968275828606455,20.8348988692169
-2.3704389581420187,-2.071323822820603,20.499290961816058
-2.354594079678776,-2.1779271807808356,20.170971973676824
-2.3467729290119603,-2.2882944352830923,19.849962964558266
-2.3467084230418314,-2.40267124061889,19.53630047858575
-2.3541676891243126,-2.5213370990468373,19.230037711033177
-2.368951947672041,-2.6446025617419022,18.931245803637598
-2.3908962358190635,-2.7728068381931346,18.640015298256888
-2.4198690055541503,-2.9063157560046,18.356457759938884
-2.4557716277539536,-3.04552002905141,18.08070762568137
-2.498537821769936,-3.190833760569623,17.812924264302183
-2.548133037546253,-3.3426931361497374,17.553294309415108
-2.6045537912519494,-3.5015552386504476,17.302034254230513
-2.667826972054775,-3.667896926866559,17.05939335577147
-2.738009122482492,-3.8422137037927078,16.825656855211466
-2.8151856890060016,-4.025018511317314,16.60114954407669
-2.899470238798672,-4.2168403625745725,16.386239695559123
-2.99100363144253,-4.418222741641826,16.181343381865673
-3.089953129384045,-4.6297216556309,15.986929194302066
-3.196511427550186,-4.851903255882217,15.803523382943672
-3.3108955747690025,-5.085340901549776,15.631715425162279
-3.4333457525559625,-5.330611525588976,15.47216402121505
-3.5641238715185204,-5.588291173624827,15.325603512092563
-3.7035119412188937,-5.858949544711654,15.192850698386893
-3.8518101518691146,-6.143143341340757,15.074812012733826
-4.0093346079136865,-6.441408235435736,14.972490982509905
-4.1764146406548095,-6.7542492284694475,14.886995896448065
-4.353389609724337,-7.082129146547076,14.819547528456697
-4.540605099342983,-7.425455009388676,14.77148672762822
-4.738408402225063,-7.7845619968268585,14.744281634373172
-4.94714320162588,-8.159694757281112,14.739534362611737
-5.167143233267989,-8.550985641984,14.758986288568039
-5.398724918568069,-8.958429735384073,14.804522193401967
-5.642178676330402,-9.381856342033167,14.878171680679618
-5.897758913280909,-9.820896708936427,14.982108357245878
-6.165672365403408,-10.274948000011097,15.118644296911343
-6.446064821845979,-10.743133279676998,15.290220574663019
-6.739005941855374,-11.224258035748619,15.499390810881115
-7.044472171453216,-11.7167632417157,15.7487980672202
-7.362327645434948,-12.218676545794898,16.041141671021105
-7.6923031196879705,-12.727561309573726,16.3791348268841
-8.03397296061327,-13.240466446810458,16.76544912836942
-8.38673043036988,-13.753878863855272,17.202645139935605
-8.749761769483749,-14.263681228120095,17.693088611117343
-9.122019352433922,-14.765118483706503,18.238850098989836
-9.502194858481026,-15.252777899695314,18.841588106591008
-9.888693611758512,-15.720587822170428,19.502417152069743
-10.279611002162342,-16.161839636587708,20.221761299547154
-10.672712866734802,-16.569240142641696,20.999197059095273
-11.065421931443286,-16.93499983394541,21.83329309229686
-11.454811709658749,-17.250961305870458,22.72145008240331
-11.837610667670425,-17.508772681518458,23.65975356154448
-12.210219028885861,-17.70010782691446,24.642851899443375
-12.568739841068142,-17.816930406545676,25.663870121879896
-12.90902674339477,-17.851797801763816,26.714376845315453
-13.22674897382072,-17.798193512144774,27.784416302835776
-13.517474364816803,-17.65087341118064,28.862618420626813
-13.776769204046674,-17.4062054591189,29.936394946782652
-14.00031264673659,-17.062478944239057,30.992224220899946
-14.184022091770938,-16.62015733397116,32.01601981972073
-14.324184136643119,-16.082049084318683,32.99356983376529
-14.417584925076689,-15.453374320128189,33.91102599321684
-14.461632450133457,-14.741711240360905,34.75541309979193
-14.454463335807873,-13.956816324841014,35.51512444919842
-14.395027279826843,-13.110321016332533,36.18037001893686
-14.283142623813236,-12.215322892090185,36.74353950295765
-14.119519359176874,-11.28589563189116,37.1994568854038
-13.905747157486006,-10.336552734293164,37.54550568142209
-13.644249211944224,-9.381702496260786,37.78162012677456
-13.338204515041804,-8.435132102266882,37.910147091041935
-12.99144383521095,-7.509554057587808,37.935596148332415
-12.608325814888698,-6.616240564356108,37.86430270722506
-12.193600849677647,-5.764761697912968,37.704034859921684
-11.75227039363593,-4.9628326508864795,37.46357556493496
-11.289448930720251,-4.216266086535102,37.15230977916384
-10.810234968863144,-3.5290179058974402,36.77984158270811
-10.31959582785361,-2.903308941886966,36.35565965283577
-9.82226971544655,-2.3398028633937327,35.888862797165345
-9.322686854283088,-1.8378202902800058,35.38795019498288
-8.824910195344827,-1.395570321618246,34.86067570390058
-8.33259501769163,-1.010383837241397,34.31396097889464
-7.848965919110392,-0.6789360875585049,33.75385957051564
-7.3768090485735165,-0.3974499275261317,33.185562404272346
-6.9184771727204755,-0.16187424232410424,32.61343490153055
-6.475905024610902,0.03196488947062485,32.041076394499896
-6.050632570529349,0.18824088774418496,31.471393724086436
-5.643833781072169,0.3110294231336371,30.906681873863405
-5.256349089379132,0.4042352942014887,30.348706482625797
-4.888719745067129,0.47154017029730205,29.798784001954196
-4.541222740892293,0.5163681233993994,29.257856783657505
-4.213905197107723,0.5418656820148887,28.72656127668454
-3.906617441602443,0.5508935579949826,28.205288496941257
-3.6190441744594497,0.5460273571409875,27.694236445317596
-3.3507333420739807,0.5295649824989709,27.193454652702876
-3.1011225072348467,0.5035388581969644,26.702881363451358
-2.8695626144770885,0.46973140053573437,26.222374024318214
-2.655339146609549,0.4296924760253156,25.75173384269318
-2.4576907678856497,0.3847579461724136,25.290725240716316
-2.2758255353852417,0.3360684725639474,24.83909093500986
-2.108934859950219,0.2845880704972966,24.396563388934407
-1.956205394589939,0.2311220513808657,23.962873303830797
-1.8168290223100987,0.1763340519653482,23.5377557089551
-1.6900111344494695,0.12076198395355026,23.12095415188096
-1.5749773849515372,0.06483280499017338,22.71222341189918
-1.4709790936493323,0.008876065973240102,22.311331087103415
-1.3772974674950424,-0.04686377111482766,21.918058343444077
-1.2932467947404402,-0.1022162150973491,21.532200054769525
-1.2181767521617828,-0.1570747932032539,21.15356452351362
-1.1514739578135633,-0.21138819570034245,20.78197291991423
-1.0925628872803586,-0.26515245333623827,20.417258553522267
-1.040906256335385,-0.31840408037368706,20.059266061706253
-0.9960049664451114,-0.37121410261397014,19.707850571053278
-0.9573976950037578,-0.42368290308343526,19.362876880746718
-0.9246602051037011,-0.47593581161683407,19.02421869755453
-0.8974044361635283,-0.528119370348408,18.69175794004771
-0.8752774332080174,-0.5803982101833649,18.36538412632066
-0.8579601623636326,-0.6329524777691153,18.044993852362516
-0.84516625270736,-0.6859757572018302,17.730490364196786
-0.8366407010720817,-0.7396734337667811,17.421783224560215
-0.8321585611725181,-0.7942614510280142,17.118788058717744
-0.8315236635111787,-0.8499654232758008,16.821426420331733
-0.8345673530475892,-0.9070200577135505,16.52962571158145
-0.8411472969108914,-0.9656688561376372,16.24331921843679
-0.8511463448813568,-1.02616406500475,15.962446213386142
-0.8644714762074206,-1.0887668421306607,15.686952152921837
-0.881052826271537,-1.1537476226121053,15.416788959975426
-0.9008428083345381,-1.2213866552436499,15.151915394137102
-0.923815332099455,-1.2919746964451138,14.892297518341067
-0.9499651189651624,-1.3658138429228832,14.637909260417562
-0.9793071234770019,-1.4432184882300558,14.388733083924357
-1.011876052915286,-1.5245163932639474,14.144760769754939
-1.0477259960797976,-1.6100498537557715,13.905994326203237
-1.0869301476729825,-1.7001769637411375,13.672447033667424
-1.1295806418717145,-1.7952729520599071,13.444144645521279
-1.1757884781986305,-1.8957315990633214,13.22112675577719
-1.2256835515729567,-2.0019667036986024,13.003448361408532
-1.2794147715924524,-2.114413614820824,12.791181632287822
-1.3371502807949187,-2.233530779264399,12.584417929408277
-1.3990777519923328,-2.3598013382682006,12.38327008269606
-1.465404773574343,-2.493734719138792,12.187874975576685
-1.5363593162759548,-2.6358682051363775,11.998396471508647
-1.6121902618018538,-2.786768483148526,11.815028716590504
-1.693168000808144,-2.9470331100550324,11.637999872823949
-1.7795850821851782,-3.117291873837519,11.46757632796764
-1.8717569040703017,-3.2982079969837637,11.304067439255245
-1.9700224289171693,-3.490479126120773,11.14783087289747
-2.074744909947869,-3.694838033916102,10.9992786020853
-2.186312603857018,-3.9120529466589735,10.858883635715708
-2.3051394423525053,-4.14292738966265,10.727187551443057
-2.431665631664967,-4.388299418469536,10.604808908063053
-2.566358140317873,-4.649040084622378,10.492452613548515
-2.709711023556745,-4.926050933557165,10.390920324119486
-2.862245536723404,-5.2202603512178385,10.301121944700196
-3.024509944625703,-5.532618401036861,10.224088278471383
-3.19707897498515,-5.864089957171978,10.16098489239423
-3.3805527611967228,-6.215645578661662,10.113127147711827
-3.5755552379192412,-6.58824997170623,10.081996474865056
-3.782731729392193,-6.982847133582528,10.06925766766252
-4.002745675286006,-7.400341993481977,10.076777163848552
-4.236274227114524,-7.841577630603934,10.106642033090674
-4.484002455244475,-8.307307301328699,10.161179076752765
-4.746616035248074,-8.798160791516155,10.242973993798222
-5.024791879407955,-9.314603612155668,10.354889012006597
-5.319186631477635,-9.856888823634883,10.500078889809494
-5.630422430787487,-10.42499993197421,10.682003273673487
-5.959069621181382,-11.018584427402233,10.904433619969062
-6.305625921701138,-11.636876982177542,11.171452624052334
-6.67049178511181,-12.278612148749078,11.487444419554341
-7.053941153342152,-12.941926167529656,11.85706969658952
-7.45608758045539,-13.624248858717612,12.2852245129915
-7.876845227935917,-14.32218689641744,12.776976940476894
-8.315884606212261,-15.031401405169401,13.33747648564254
-8.772583278188433,-15.746484227061723,13.971831700864017
-9.245971807684812,-16.46083887647381,14.684950422426866
-9.734675812928618,-17.16657471778983,15.481337822350017
-10.236856078928868,-17.854427838851123,16.364849689166984
-10.750148025164506,-18.51371768271013,17.338399137002767
-11.271604424152066,-19.132361682927396,18.403619814112787
-11.797644906320894,-19.69696261134664,19.560492964008162
-12.32401731749545,-20.192989052604247,20.806951864733783
-12.84577675304462,-20.605067066847436,22.13848503672232
-13.357288763760348,-20.91739643002554,23.547767815804534
-13.852263525993202,-21.114298143572075,25.02435935040572
-14.323827318060442,-21.180888536682975,26.554509098645276
-14.764636393443027,-21.1038573107505,28.12112005874542
-15.16703635131113,-20.872317249337407,29.7039103597787
-15.52326669218676,-20.478661848727896,31.27981184381846
-15.825705927200348,-19.919363652359124,32.82361894337135
-16.067148188381683,-19.195626368061358,34.30888257683229
-16.24109694915993,-18.31380809263847,35.7090090065345
-16.342057628515622,-17.285542075472197,36.9984947803985
-16.365807818823892,-16.127507194874916,38.154200008834614
-16.309623374661413,-14.860835452507468,39.156546202051516
-16.172440597999152,-13.510188033749674,39.99052242748531
-15.954939294322074,-12.102568226459406,40.64639972346134
-15.659538111002904,-10.665980264074687,41.12008319231424
-15.290301917994075,-9.228054583245973,41.41307552905341
-14.852768810188987,-7.814765592001746,41.532070187433504
-14.35371149259824,-6.4493481700694515,41.48823388193401
-13.800852809910156,-5.151489028228383,41.296268510004076
-13.202557555780611,-3.9368306609959975,40.973356595166116
-12.567522427949218,-2.816787370524127,40.538093194977634
-11.904483487263128,-1.7986405129545944,40.00949278213252
-11.221956278866667,-0.8858576652325534,39.40613624261776
-10.528018833062259,-0.07856962338875678,38.74549669445638
-9.830142787185066,0.6258617627348707,38.04345770540932
-9.13507332073154,1.232244698325933,37.31401626759336
-8.448755187295331,1.746975464068257,36.56914882667106
-7.776299557183569,2.177507409217859,35.818809886641674
-7.121984996815818,2.5318916929966564,35.07102994982675
-6.489285400480732,2.8183990528981098,34.33208094930738
-5.880917862631896,3.0452230956347597,33.606681242888705
-5.298904077533755,3.220259524188632,32.898217391517555
-4.744639804527013,3.3509521212268925,32.20896571603089
-4.2189678929578935,3.4441945998740087,31.540301650373088
-3.7222514232966253,3.5062773532131613,30.892889547965037
-3.2544443683391187,3.5428686570362737,30.2668489873426
-2.81515803960028,3.559021299784457,29.661896408429737
-2.4037222031511867,3.5591970807306907,29.077462667693865
-2.019240257131389,3.547302990605511,28.512788274077142
-1.6606382636893715,3.526734350465596,27.966998731052556
-1.3267079047269366,3.500421241644047,27.439162749571164
-1.0161436396572676,3.470875885281359,26.928335922906797
-0.7275744205185185,3.440238945203782,26.433592553429214
-0.4595904448894907,3.4103236752021546,25.954047906601385
-0.2107654220642477,3.382657205652558,25.488872924769716
0.02032515667251672,3.358518577756291,25.03730313743961
0.2350892709274573,3.3389733743942305,24.598643221080746
0.43490670024584277,3.3249049796362042,24.172268375653204
0.6211200164649083,3.317042574751735,23.757623481837864
0.7950278626329244,3.3159860678458304,23.354220774778405
0.9578801804337785,3.3222281722879443,22.9616366188999
1.1108750837852845,3.3361738709192945,22.579507820940453
1.2551571116778053,3.358157501183207,22.207527808127594
1.3918166235606162,3.388457690152159,21.84544291200304
1.521890135625928,3.4273103519918307,21.493048917741863
1.646361416833238,3.474919948161592,21.15018799526679
1.766163185331055,3.5314691956824946,20.81674608939019
1.8821792784727542,3.5971273810870605,20.492650803354106
1.995247177878591,3.6720574281257097,20.177869799299557
2.1061607838093015,3.7564218563695007,19.872409722241425
2.215673390272825,3.850387694445979,19.576315644198313
2.3245007045194837,3.954130549031817,19.289671018575355
2.433323948909156,4.0678377822713605,19.012598132612744
2.542792929564358,4.191710939670463,18.7452590454073
2.6535290335671715,4.325967462989724,18.487856994638985
2.7661281259626307,4.470841703297529,18.2406382642712
2.881163305675585,4.626585263003973,18.00389449890663
2.9991874819323443,4.793466674457159,17.777965452117556
3.1207357341655126,4.971770394810813,17.563242155223712
3.2463274391997388,5.161795084243181,17.360170496013005
3.3764681489947073,5.363851150806521,17.169255198595227
3.5116510967586203,5.578257448115704,16.991064147574534
3.652358427644784,5.805337082395919,16.826233065865555
3.799062041516193,6.04541229273782,16.675470506385956
3.95222395714935,6.298798072921584,16.539563021622637
4.1122962923448725,6.565794766768688,16.419380581105997
4.279720642069273,6.8466790984830395,16.31588198559782
4.454926899302568,7.141693711141437,16.230120201263375
4.638331470652399,7.4510351215878075,16.163247601367587
4.830334641516636,7.774839440828956,16.116520477182732
5.031317279397914,8.113166396165779,16.09130315746587
5.241636532726545,8.465980773527036,16.089070889752485
5.461620538284592,8.833131477167397,16.11141114357935
5.691562153328118,9.214328190859101,16.160023526984023
5.931711284964966,9.609114983298547,16.236716298204936
6.182266182688218,10.016841654934773,16.34340078023728
6.4433630586614825,10.43663202579499,16.48208042675299
6.715064563850427,10.867350284822962,16.65483659398399
6.997346550441384,11.307565047956574,16.86380733222581
7.2900833940229735,11.755512136730076,17.111159745988306
7.593031851234618,12.209056969047554,17.399054422812068
7.905813528250383,12.665657883308759,17.72960054438271
8.227896206283168,13.122331811068765,18.10480128371364
8.558574221715984,13.575624217407702,18.526488286633136
8.896948588013844,14.021587537880578,18.996244207116774
9.241907053800483,14.455767731167954,19.515314886802212
9.592105201463466,14.87320623479537,20.084509693274743
9.94594936618343,15.268458488553527,20.704093041047436
10.301582541839757,15.63563412228794,21.37366876376917
10.656874593215228,15.968462401826041,22.092061353029383
11.00941824533746,16.260386374798077,22.857199098308225
11.356532416655417,16.504688279834006,23.666005613021888
11.695274484948435,16.694647353094318,24.51430764937285
12.022462985854993,16.823729205419504,25.396768094410742
12.334712017772743,16.885803443981608,26.306853718954148
12.628478231371416,16.875383188844214,27.23684716566449
12.900120709315438,16.7878773117726,28.177911303195728
13.145973323167205,16.61984146816731,29.12021316271267
13.362428176343268,16.369215401393088,30.053108421467233
13.546028089633884,16.035526285121403,30.965387766539013
13.69356461910556,15.62004306873889,31.845576453410963
13.802177706542547,15.125864445344227,32.682276617655155
13.869452014916176,14.557928135902053,33.46453454301253
13.893504865556,13.922933404448719,34.18221225212965
13.87306060351211,13.229175468338912,34.82633979110029
13.807506743712418,12.486297579322514,35.389424705841186
13.69692814261365,11.704973752509751,35.865697395701034
13.542116734207529,10.896541281623305,36.25127570392331
13.344555918340465,10.072606509563363,36.54423860116462
13.106380313439782,9.244649124625303,36.744606309279554
12.83031328779352,8.423650536469252,36.85423201020057
12.519585783066944,7.619766296813156,36.87661686285251
12.177841280030288,6.842061099133895,36.81666560094335
11.80903204290972,6.0983154165566145,36.680402676083254
11.417312075135746,5.3949080796332245,36.474670193715546
11.00693187291529,4.736772274520969,36.20682751693262
10.582139251041365,4.127417756350913,35.884468909666246
10.147089936527257,3.5690082921997064,35.51517280236505
9.70577036543213,3.062481465277102,35.1062908895427
9.261934208501684,2.6076974016132777,34.66478139668942
8.819053186017726,2.2036038377996974,34.19708702569916
8.380281938554974,1.8484060295465579,33.709055034151945
7.948436018362832,1.5397327983419808,33.20589478403995
7.525981714216531,1.274791811456599,32.69216693204158
7.115036067646794,1.050509258788235,32.17179776353653
6.717375310584774,0.863651481148154,31.648112357143916
6.334449994031391,0.7109274787159571,31.12388073318493
5.9674051310196425,0.5890725130001806,30.601371905522278
5.617103848995135,0.4949139383058214,30.08241164720679
5.28415322995804,0.42542095954206455,29.568440685283104
4.968931218602972,0.3777403167298646,29.060570869356244
4.671613705169966,0.34922003442579036,28.559637699786762
4.392201051531543,0.33742326219620583,28.066248088367697
4.130543533040824,0.3401341665789162,27.580822872150467
3.8863653048595106,0.3553575850728314,27.103633899155525
3.6592866387121696,0.3813139540993881,26.634835825586997
3.4488442771834174,0.4164307845221608,26.174492938594277
3.254509843316827,0.45933173774332436,25.722601445338526
3.075706299698508,0.5088241694574795,25.279107719375233
2.911822512854451,0.5638858147186226,24.843923029781347
2.7622260051360725,0.6236511509592035,24.416935259041686
2.6262740007844045,0.687397828292223,23.99801807231551
2.5033229004662645,0.7545334976962718,23.58703801348234
2.3927363098945875,0.8245832178603324,23.183859877994795
2.2938917584793987,0.8971775924694023,22.788350706051645
2.206186248244901,0.9720417501927764,22.400382713029828
2.1290407620648697,1.0489852018639099,22.019835383719364
2.061903855171548,1.127892597138722,21.64659693836057
2.0042544471591346,1.2087153767679268,21.28056533926861
1.9556039247367238,1.2914643011539044,20.921648980026408
1.9154976549029665,1.376202821523029,20.5697671682316
1.88351599785299,1.4630412392377863,20.22485047418951
1.8592748988026293,1.552131619055292,19.886841029216164
1.8424261444632595,1.6436634034949638,19.555692842917246
1.8326573345090453,1.737859662496783,19.231372147929203
1.8296916327801167,1.8349739366976205,18.91385783204058
1.8332873540247092,1.9352876160881953,18.60314198479544
1.843237418399849,2.039107800769635,18.29923056638314
1.859368718208893,2.14676559563743,18.002144231313622
1.8815414325636806,2.258614786851868,17.711919323294467
1.9096483063794298,2.3750308542232554,17.428609051233117
1.9436139224771396,2.49641027190694,17.15228487011577
1.9833940028044428,2.623170046059901,16.88303808448231
2.028974683564566,2.755747462668141,16.62098168048651
2.0803718850339825,2.8945999696637976,16.366252425523893
2.137630670810559,3.0402051752706023,16.119013245155774
2.200824683905954,3.193060893886094,15.87945590094429
2.2700555987914677,3.353685202765529,15.647804001446664
2.3454526246179013,3.522616440718139,15.424316369563787
2.4271720324415216,3.700413106908408,15.209290796221447
2.5153966979117848,3.887653560030997,15.003068217345495
2.6103356604198553,4.084935494659224,14.806037334539688
2.71222363970184,4.292875033110741,14.61863972984517
2.8213205464131126,4.512105444011561,14.441375485910974
2.9379108831079757,4.743275223140576,14.274809358381185
3.0623030864249894,4.987045606839642,14.11957751630495
3.1948286716865133,5.244087126781602,13.976394863187062
3.335841235296371,5.515075311360273,13.846062968579199
3.4857151501168997,5.800685050120376,13.729478563743937
3.6448439859900454,6.101583669348943,13.627642619242055
3.813638497510949,6.418422244911463,13.541669915557263
3.9925241331667287,6.751825005093401,13.47279900779187
4.181937959012256,7.102376479196672,13.422402536595424
4.382324829622299,7.470605937688787,13.391997469207576
4.594132776322342,7.856968985047881,13.3832554111689
4.81780729265293,8.261825526840223,13.398011961867832
5.053784580427694,8.685414171654058,13.43827563086587
5.302483278199482,9.127822102839978,13.506234338781336
5.564294814671681,9.58895056293116,13.604260524959992
5.839571803536421,10.068475138016526,13.734911722825839
6.128614648944964,10.565800858216598,13.900928130066681
6.431655736447595,11.080012074147449,14.105222320213574
6.748841422962782,11.6098169310044,14.350863373211723
7.080211367044258,12.153486976152983,14.641051003762486
7.425675104912014,12.708793067685589,14.979077287413928
7.784986026334476,13.272938556689365,15.36827590068527
8.157712587314023,13.842491733905232,15.811954750053237
8.54320712157079,14.413321115834634,16.31330983859578
8.940572666058227,14.980536576876819,16.875319103805953
9.348628563131216,15.53844228366103,17.500613858485725
9.765875475848343,16.08050536583981,18.19132748106362
10.190461762606677,16.59935093274665,18.948921865093933
10.6201524545548,17.086787916699876,19.773994251474026
11.05230329598241,17.533876540121963,20.66606884379947
11.483842359616144,17.93104514796543,21.62338106936418
11.911262201130855,18.26826405883081,22.642665359119775
12.33062580898789,18.535281950155596,23.7189606224111
12.737589470534706,18.721926734181206,24.845450841370344
13.127445650143043,18.81846834230227,26.013360440096488
13.49518836545649,18.81603459140796,27.21192562224513
13.835602258761089,18.707061330949596,28.42846210127664
14.143375821182124,18.48575846431034,29.648543860726274
14.413236739094055,18.14855339457523,30.85630579665999
14.640105583337904,17.694482018565754,32.03486787328111
14.81926202258872,17.1254850343172,33.166871843533414
14.946515326680915,16.446575741473364,34.2351046464523
15.01836971890978,15.665849490004812,35.223173215787945
15.032173977307476,14.794318472168644,36.11618332004392
14.986244967518875,13.84557030260777,36.90137136983822
14.879955785456586,12.835266751539692,37.56863752059231
14.713781535409408,11.780515512524788,38.110936186196604
14.489298681216598,10.699161491318318,38.524492415172716
14.209137569151705,9.609052110132952,38.808829867315694
13.876891237920447,8.527332578688933,38.966614410138945
13.496987199230135,7.4698212279187945,39.0033361590543
13.074530601427595,6.450504942460831,38.926863059730756
12.61512978374306,5.481179043607991,38.74691263666678
12.1247148225089,4.571240759094986,38.474487487449885
11.609359336757647,3.7276303504864283,38.121318145436135
11.075114335419807,2.9549022274000816,37.699349919205034
10.5278609560082,2.2554005304009377,37.22030025682211
9.973186641919911,1.6295096896540395,36.69530243029052
9.416287117441437,1.0759505637210733,36.13464127376545
8.86189455881496,0.59209559308974,35.54757836743644
8.314230724778312,0.17428053371762392,34.9422577731033
7.776982670683926,-0.18190307676700002,34.325679821749866
7.253297948660361,-0.4813466041792423,33.70372856711322
6.745795785284095,-0.7291999478202824,33.081238562457386
6.256590746073254,-0.9306863734128531,32.46208779160325
5.787325557000482,-1.0909557363207745,31.84930543417193
5.339210106751718,-1.2149731418671805,31.245185372007285
4.913064064346438,-1.3074389397456712,30.65139848940704
4.509361025187408,-1.3727353102103614,30.06909898286009
4.12827250908492,-1.4148947438435413,29.499021454032313
3.769710566451139,-1.4375858835384392,28.941567133289492
3.4333680913641116,-1.4441127257750148,28.396878557671535
3.118756245607565,-1.4374237050880498,27.864902847877453
2.825238638364395,-1.420127772904482,27.34544423492435
2.552062102070686,-1.3945151408264531,26.838206817753175
2.2983840376005413,-1.362580824887839,26.342828670018864
2.063296428703542,-1.3260495977835463,25.858908513414534
1.84584667703982,-1.286401281072903,25.38602608792449
1.6450554749061876,-1.2448956135847455,24.923757326605614
1.4599319368723407,-1.2025961931970304,24.47168524708893
1.2894862664238167,-1.1603930784458674,24.029407526122576
1.1327401861063986,-1.1190239022825406,23.596541379990292
0.9887353863696785,-1.07909335306493,23.172726420478465
0.856540225763095,-1.0410909943851945,22.757625983752988
0.7352549033003772,-1.0054074408444842,22.350927346936594
0.6240153065447761,-0.9723489453454445,21.952341162876436
0.5219957039298887,-0.9421504699585301,21.561600346144036
0.4284105151770497,-0.9149873565554827,21.178458709314867
0.34251519042514655,-0.8909856632835073,20.802689316704086
0.2636064490985163,-0.8702313053244302,20.434082845443754
0.19102194029097427,-0.8527780916617703,20.072445943087555
0.12413943886140708,-0.8386547629161754,19.717599655860806
0.062375667822245844,-0.8278711296523086,19.369377963033113
0.00518482975414772,-0.8204234080934298,19.027626436324812
-0.04794309107727268,-0.8162988382793331,18.692201036707964
-0.09748419013578838,-0.8154796716233487,18.362967054038982
-0.14388262318623798,-0.8179466019740529,18.039798185246518
-0.18755266839249402,-0.8236817095279372,17.722575739982275
-0.22888082880500998,-0.8326709836136308,17.411187977374905
-0.26822794621773655,-0.8449064871701432,17.105529559022997
-0.3059313123101122,-0.8603882092303423,16.805501107296077
-0.34230675544440736,-0.8791256550978497,16.511008865715766
-0.37765068313992745,-0.9011392247328409,16.22196445094201
-0.4122420786291618,-0.9264614101710851,15.938284689816816
-0.4463444427801919,-0.9551378477719344,15.659891537540574
-0.48020767085503346,-0.9872282632267277,15.386712070926375
-0.5140698685586697,-1.0228073296197584,15.118678555069522
-0.5481591047071749,-1.0619654645933811,14.855728582510968
-0.5826950989723759,-1.1048095927176533,14.597805282821495
-0.6178908505378289,-1.151463886968073,14.34485760566556
-0.6539542094113382,-1.2020705071819637,14.096840680396388
-0.6910893933944876,-1.2567903532462477,13.853716254381942
-0.7294984572112445,-1.3158038419938078,13.615453217590673
-0.769382718177736,-1.3793117190908855,13.382028221229408
-0.8109441431030601,-1.4475359177045077,13.153426397271724
-0.8543867032997986,-1.520720468156968,12.929642192192638
-0.8999177023900643,-1.5991324668140916,12.710680325595089
-0.9477490836262747,-1.6830631077182854,12.496556891840742
-0.9980987193847527,-1.772828776459742,12.287300612939433
-1.0511916950269389,-1.868772211658922,12.082954288027764
-1.1072615779683246,-1.9712637303534086,11.88357640751661
-1.1665516992047573,-2.0807025140813593,11.689243046635774
-1.2293164230566136,-2.1975179464683636,11.500049961323745
-1.2958224325391083,-2.3221709989980823,11.316115002799512
-1.366350018405677,-2.4551556337757616,11.13758087074989
-1.4411943747367617,-2.597000242234174,10.964618173498492
-1.5206669075079122,-2.748269032946511,10.797429001899348
-1.6050965424285695,-2.909563413160768,10.63625086316822
-1.6948310399290047,-3.0815232654958313,10.481361208664095
-1.7902382958070204,-3.264828068119712,10.333082551406033
-1.8917076384855436,-3.4601978954711705,10.191788150873215
-1.9996510761343866,-3.6683940120958383,10.057908592193462
-2.1145045158136764,-3.8902192444371275,9.931938991396445
-2.2367288961822327,-4.126517765816783,9.814447238974802
-2.366811205022802,-4.378174230040343,9.706083196558879
-2.5052654040539584,-4.646112323068254,9.607588858930725
-2.6526330641825937,-4.93129186106623,9.519809943127614
-2.8094838320429765,-5.234705048051858,9.443708467419627
-2.9764155545112922,-5.557371088332349,9.380376721792196
-3.154053940371896,-5.900328627569248,9.331052754157081
-3.3430517225897987,-6.264626070792867,9.297137100138833
-3.544087157511014,-6.651309010827028,9.28021096737504
-3.7578616983426736,-7.061404217117477,9.282055743167211
-3.9850966219992987,-7.495899386786379,9.304673596969927
-4.22652846057848,-7.955718205059677,9.350308960065679
-4.482902935766536,-8.441689655603657,9.421470488535476
-4.754967037600745,-8.95451045025732,9.520952764376704
-5.043458969286368,-9.494699822542373,9.651856893015259
-5.349095584965128,-10.062545620233466,9.81760896645085
-5.672556863851354,-10.65804048434338,10.02197491402356
-6.014466632977202,-11.280806395604191,10.269068402790761
-6.375369740914081,-11.930008608475632,10.563351877620756
-6.7557044213976605,-12.604256292298327,10.90962479847828
-7.155769716201567,-13.301491049094446,11.312996619315662
-7.5756874312519855,-14.01886382500558,11.778839653113806
-8.015358246789267,-14.75260186762556,12.312716313725224
-8.47441185516658,-15.497869165224285,12.920274984322685
-8.95215121676009,-16.248625560820365,13.607108256741563
-9.447491487773247,-16.99749213239382,14.378567408521294
-9.958894632695761,-17.735633051729035,15.23952781813001
-10.484301739992302,-18.452669403472257,16.19410101879041
-11.021065289435105,-19.1366377191784,17.245294417248616
-11.565885427594544,-19.77401839597321,18.39461980636356
-12.1147548984675,-20.349852221782868,19.641662695547428
-12.6629185999492,-20.847969645420036,20.983628890313586
-13.204854785546884,-21.251352635522867,22.414895976869786
-13.734285587146303,-21.542644234944646,23.926606442556754
-14.244224728296315,-21.704810622398238,25.5063489035157
-14.72706963809636,-21.721945631684225,27.137980623448698
-15.174743445059834,-21.580188341647766,28.80164659058425
-15.5788893923266,-21.268702755566107,30.47404486726222
-15.931115915769823,-20.780643755445123,32.128975260646314
-16.223285491484802,-20.114022081523885,33.738179859543045
-16.44783441960065,-19.272362497152802,35.27245720395355
-16.59810525030887,-18.265061662973224,36.70298906235191
-16.668668652634498,-17.107366906717893,38.002783056132834
-16.655609698624964,-15.819935791398368,39.148106840848385
-16.55675353981582,-14.427982022590356,40.11977433013449
-16.37180930316502,-12.960066511950902,40.90415139547969
-16.102417958167347,-11.446637732926378,41.49377786526442
-15.752098376522794,-9.918461752449884,41.88754454822217
-15.326096043428645,-8.405088287493296,42.09042231343457
-14.831147620991896,-6.9334956764666815,42.112790554359705
-14.27518211967735,-5.527021446483545,41.96945836624427
-13.666983581648138,-4.2046445920709745,41.67849693891613
-13.015841320809344,-2.980637272196123,41.260008724211666
-12.331211702663147,-1.8645608641888658,40.734946790439224
-11.622411243395113,-0.861549365497609,40.124073451925426
-10.898355154027438,0.02719561798646379,39.447115786448784
-10.167349390643892,0.8037789730091482,38.72214371273999
-9.436938723337043,1.4729297166700706,37.965169154065045
-8.713808763350102,2.041324241346454,37.18994455044081
-8.003736528910542,2.516960233863377,36.40792660422483
-7.31158212481342,2.9086100074290533,35.628366025956176
-6.6413132299546795,3.225367282972987,34.8584845231926
-5.996054110891783,3.476289988143604,34.103704446216746
-5.378151521776058,3.670133548519485,33.36790266055262
-4.789250892451903,3.8151642376280748,32.65366706693766
-4.230377370453858,3.919039744418905,31.96254057805834
-3.7020175398322106,3.988743823558028,31.295243063896027
-3.204198615543605,4.0305622666962675,30.65186602092648
-2.7365630393600564,4.050089246953155,30.03203832245609
-2.2984371904215752,4.052255216444898,29.435063746497157
-1.888893281057473,4.041368307373841,28.860031997272884
-1.506804342000053,4.0211638733182005,28.305906326927104
-1.15089231012068,3.9948578656130405,27.771590918768993
-0.8197695305346869,3.965200953893856,27.255981263661923
-0.5119741207461398,3.934531277289804,26.75800060063043
-0.22599973846075286,3.9048245704581084,26.276625177743455
0.0396797092554661,3.8777407367400145,25.81090074828329
0.2865898199494227,3.8546665674632603,25.35995235307861
0.5162393879426981,3.83675442904401,24.922989088191056
0.7301075145616975,3.824956996977484,24.49930524224709
0.9296336660442739,3.820058204864139,24.08827891114817
1.116210254295092,3.8227006521549676,23.689368958730352
1.2911773578502654,3.8334097483816545,23.30211098243729
1.4558192418817373,3.8526148735069037,22.92611280936028
1.6113623790739928,3.880667847680473,22.561049871502224
1.7589747086777021,3.9178589689383987,22.20666074654873
1.8997659048799551,3.964430874023146,21.862743039560584
2.0347884659140365,4.020590435780783,21.529149728858958
2.165039433767473,4.086518921054664,21.205786060061467
2.2914626050002704,4.162380582066392,20.892607027717872
2.4149511128962597,4.248329832542029,20.589615455150835
2.536350261185314,4.344517154826572,20.29686067639014
2.6564605158916947,4.451093852813478,20.01443780723563
2.776040580467597,4.568215742817975,19.74248758608016
2.8958104750848923,4.696045869274369,19.481196760153995
3.0164545553862436,4.834756308720781,19.230798986116127
3.1386244618980106,4.984529061636225,18.991576237290403
3.2629418335967815,5.1455561700787085,18.76386063621883
3.39000089927825,5.318038919732887,18.548036746733814
3.520370796506889,5.502186236472559,18.34454424848926
3.6545975916761018,5.69821220206991,18.15388094953626
3.7932060078451877,5.9063326561603136,17.9766061286341
3.936700780865845,6.126760854207991,17.81334413123456
4.0855676005766135,6.359702055430553,17.664788129638133
4.2402736248089425,6.605347015681475,17.531704015932156
4.401267495831714,6.863864265591967,17.414934304825902
4.568978812253765,7.135391049678948,17.315401920168885
4.743816997348043,7.420022800379295,17.234113680938243
4.92616953982095,7.717801106785888,17.17216344580516
5.11639944706554,8.028699837687906,17.130734345345754
5.3148420143399715,8.352609672708171,17.111100376123137
5.521800646950158,8.689320506056657,17.114626463564925
5.737541780912176,9.038501958507029,17.142766816816316
5.962288870815939,9.399681903308275,17.19706157868674
6.196215178930371,9.772222853301894,17.279130070858294
6.439435589243374,10.15529665054837,17.390661514196424
6.691997170997045,10.547857252385626,17.53340158681562
6.953868558573942,10.9486125353959,17.709133821983563
7.224928213500265,11.355994743677389,17.9196569563428
7.50495146202572,11.768131844154706,18.166753900867974
7.793596625730647,12.182818825083459,18.45215612601718
8.090390202175692,12.597491749037566,18.77749902458944
8.394711428321068,13.009205479590364,19.1442692184214
8.705776649358011,13.414617141799203,19.55374373007274
9.022623817320156,13.809977508008497,20.0069204184479
9.34409771632321,14.191132507847039,20.504440552396368
9.668836876727594,14.553538831867499,21.04650451846699
9.995262480850993,14.892293952192581,21.632782373436793
10.321570845905676,15.202186494634434,22.262322045309457
10.645730148145782,15.47776683185667,22.933458776861357
10.965482731785889,15.713441230391505,23.64373031215558
11.27835409345788,15.90358986816822,24.389803501108155
11.581669698907515,16.042708553911698,25.167418466833176
11.872580572661688,16.125572052826215,25.97135720974807
12.148098380540599,16.14741500811818,26.795443407835595
12.405140335599956,16.104124258951938,27.632579685067086
12.640583770401943,15.992434225914659,28.474827337505932
12.85132963114182,15.810114961109768,29.313531562888024
13.034373366188127,15.556140574071279,30.139492464429328
13.186881288727006,15.230827225368284,30.943178361605167
13.30626944637527,14.835926455660886,31.71497529866879
13.390281753361691,14.374664972180058,32.445461799943125
13.437063658910407,13.851722678037692,33.125695389543
13.445227519819117,13.273145452303096,33.747494955879525
13.413906020757949,12.646193773663835,34.303702006914385
13.342790430850584,11.979133236081102,34.78840442023499
13.232151260491277,11.280977819277979,35.19710847855744
13.082839869289588,10.56120061235171,35.52684863240683
12.896270705515295,9.829429243266926,35.77622911922345
12.674385032799517,9.095144161193968,35.94539682903666
12.41959809666422,8.367397090069352,36.03594997865863
12.134732605197119,7.654564574644323,36.050791670925896
11.822942065803286,6.964147937045908,35.9939408059011
11.487627867336323,6.302626623565287,35.87031471486191
11.132354074397004,5.6753675162276815,35.68549845500194
10.760763679598409,5.086588534044557,35.44551486986749
10.376499511174709,4.539371444453303,35.156607236541255
9.983132511237718,4.03571633553786,34.82504420258007
9.584099258151847,3.576628689775303,34.4569532196642
9.18264994715115,3.1622295605131567,34.05818602014193
8.781807339729081,2.7918796978679863,33.63421693012663
8.384336600687691,2.4643094350329156,33.190072693913194
7.992725461700927,2.177747436926464,32.73029087478015
7.609173787184871,1.930043009724606,32.258902874341146
7.23559138889855,1.7187781600679308,31.77943712200342
6.873602809939712,1.5413670043844887,31.294937906426938
6.524557766445473,1.3951413337851484,30.80799556065347
6.189545978814233,1.2774221073823224,30.3207841763854
5.869415214628825,1.1855773638230553,29.835103589353228
5.564791473365288,1.1170675731080053,29.352422942978166
5.276100444257182,1.0694796834974838,28.873923905397028
5.003589431233188,1.0405513682595395,28.400541927762543
4.747349149530054,1.028186940719775,27.933004595485475
4.507334917812858,1.030466349282026,27.471866467059876
4.283386863752171,1.045648639955506,27.017540079911797
4.07524890817222,1.0721710208618425,26.570323098456885
3.8825863473093505,1.1086445901195505,26.130421713606882
3.705001940469173,1.15384761006809,25.697970536146855
3.542050465978629,1.2067170662170064,25.273049297967148
3.393251753066756,1.2663390938035703,24.85569669809127
3.2581022319498842,1.3319388404391455,24.445921798728122
3.136085078044296,1.4028699994431755,24.043713251898893
3.0266790214218315,1.478604442443453,23.649046752320682
2.929365928369927,1.5587221209075313,23.261890998635067
2.843637257005663,1.6429013955196172,22.882212436294846
2.768999487003589,1.730909909833655,22.50997902461006
2.704978631518155,1.8225960799874992,22.145163235193433
2.6511239297864817,1.9178812543269876,21.787744471793044
2.607010816576878,2.016752534487615,21.437711039438863
2.572243261319187,2.1192562829227617,21.09506181692662
2.5464555547971575,2.225492276428471,20.759807709870174
2.5293136263807825,2.3356085005725586,20.431972998625696
2.520515960956419,2.449796533985586,20.111596639635348
2.519794175484878,2.5682874803641402,19.798733575143068
2.526913311049714,2.6913484085976025,19.493456111011092
2.5416718952942645,2.819279247750725,19.195855404660904
2.563901811687484,2.9524100812610636,18.906043090867403
2.5934680117883415,3.0910987880530967,18.624153081617404
2.630268103488889,3.2357289724897957,18.350343568762522
2.6742318618717165,3.3867081321436068,18.084799267852247
2.7253206099628295,3.5444659763502555,17.82773388239181
2.783526592096732,3.709452870504972,17.579392874525347
2.848872234831706,3.882138292304537,17.34005651022676
2.9214094126656196,4.0630092796073445,17.110043238463966
3.001218593344687,4.25256872574114,16.889713389634146
3.0884079907105804,4.451333521339189,16.67947324453912
3.183112572267361,4.6598323486713635,16.479779457275356
3.2854930464073577,4.8786031448880465,16.291143874233747
3.3957346703587445,5.108189985062872,16.11413872103095
3.51404597253387,5.349139408494774,15.94940219399901
3.6406572437836635,5.601995900760742,15.797644403576998
3.775818847626008,5.86729650908448,15.659653680428761
3.91979922775015,6.145564315919988,15.536303178706307
4.072882596241891,6.437300643896342,15.42855770309237
4.23536622299506,6.742975774669096,15.337480722062812
4.407557225042565,7.063017906657117,15.26424130218508
4.589768827924359,7.397800225583529,15.21012103236835
4.782315903663272,7.7476256562316514,15.17652031424625
4.98550981263328,8.112709263312341,15.164964311286376
5.199652256652922,8.493157785983144,15.177107356008213
5.425028224839243,8.88894630396534,15.214736464368292
5.6618976636868865,9.29989163451944,15.27977195327526
5.910485981557323,9.725622352219803,15.374266255990687
6.1709730052555845,10.165545487456923,15.50039799590729
6.443480481929405,10.618809531865148,15.660462792647067
6.728057828544015,11.084264662709845,15.85685705984005
7.024666152044276,11.560419408482286,16.092056457443917
7.333160490809672,12.0453965430738,16.368584189166253
7.653270238849657,12.536886496326792,16.688971634473663
7.984577843479357,13.032101649036644,17.05570708152776
8.326496027148483,13.527733847009749,17.471171289155638
8.678243897358442,14.01991605218525,17.937560723174236
9.038822294463708,14.504192317919959,18.456795650376545
9.40698925759459,14.97550042965922,19.03041357009819
9.781236444740188,15.428170607918455,19.659449063880185
10.15976755171587,15.855945618090105,20.34430057720239
10.540480475098077,16.25202819164739,21.08458853561996
10.920954494117456,16.609159607187273,21.879008476709647
11.298444799912433,16.919735347282746,22.72518708480938
11.669885607351723,17.175959679072868,23.61954623735979
12.03190504726374,17.370042905036982,24.55719127204927
12.380852590169857,17.494437608283736,25.531829188390706
12.712841507830477,17.542111322938887,26.535733375500808
13.02380698480752,17.506845966662297,27.559765654313225
13.309580296905763,17.383551209824443,28.593466780223643
13.565978609292062,17.16857476975474,29.625223364505167
13.78890808594018,16.859988440414106,30.64251378751087
13.974477610814988,16.457827889666017,31.632230441480647
14.119118423702758,15.964262788316114,32.58106796263008
14.21970417867289,15.383677055057735,33.4759597640276
14.273665112640902,14.722643603718677,34.30453897811631
14.279089319802594,13.98978805305099,35.05559205977476
14.234805543477998,13.1955386334935,35.71948014023068
14.14044054809094,12.351778720491664,36.288488824335005
13.996448170318939,11.471419332502643,36.75708843940443
13.804106687334706,10.567921866390762,37.12208120793259
13.565485126659446,9.654803022255388,37.38262985390712
13.283379899812855,8.7451558861204,37.540167804666105
12.961226172658693,7.851217903223403,37.598204065682374
12.60298919137541,6.9840107182607865,37.56204229051365
12.213042273097518,6.153068938099661,37.43843998631496
11.796038295440972,5.366265095550763,37.23523574960509
11.356781275247661,4.629731648660102,36.96097102589896
10.900104245578248,3.9478699525538143,36.62453106523722
10.43075800278573,3.3234344016217685,36.234822687222504
9.953314510397375,2.7576738639343428,35.800502172528425
9.472087023803835,2.25051319071957,35.32975954743521
8.991067927407574,1.800757448433653,34.830160768204756
8.513884085402374,1.4063038352400588,34.30854480074314
8.04376865809616,1.064348963687637,33.77096960873364
7.583547702940509,0.7715823132055224,33.22269922106339
7.135639497405678,0.5243596944506044,32.668223316215254
6.702064347315848,0.3188532557519528,32.11130086445534
6.284462638657395,0.15117679217030314,31.555020064588454
5.884119013889047,0.017486799832591944,31.001867875306246
5.501990759987958,-0.08593909109515713,30.453803671192063
5.138738751369782,-0.16264394206161828,29.91233280215128
4.794759565296275,-0.21595086522093776,29.378576994631718
4.4702176431005585,-0.24893709699302083,28.853339492599062
4.165076657784505,-0.2644200568893116,28.337163801886646
3.879129424694507,-0.2649529106412414,27.830385378293084
3.612025922751767,-0.25282742153873916,27.333176230148073
3.363299136513902,-0.23008220546444086,26.845582691373675
3.1323885658653206,-0.1985148141525006,26.36755686109442
2.918661349398899,-0.15969636434083442,25.898982337230628
2.7214310254342307,-0.114987690401915,25.439694929517092
2.539974014420224,-0.06555623664770474,24.989499047286852
2.373543936794444,-0.01239306386838514,24.54818042678529
2.2213839212777096,0.0436704545290676,24.11551581908543
2.082737060005255,0.10194657960098163,23.69128019138947
1.9568551770637348,0.1618760078439354,23.275251918857087
1.8430060849672227,0.2230136751059824,22.86721640153874
1.740479493447219,0.2850156408462884,22.466968457439577
1.648591723727527,0.34762708181212293,22.074313771954
1.5666893808725113,0.4106714009391378,21.689069656005955
1.4941521222716008,0.47404042627909887,21.311065305064346
1.4303946563380245,0.5376856559537612,20.9401417210952
1.3748680473123907,0.6016105122595655,20.57615137313941
1.3270605265761932,0.6658635089739009,20.218957797125167
1.2864977877054957,0.7305323100598805,19.86843507388513
1.2527429242163652,0.7957385901031837,19.524467326011532
1.2253960640235744,0.8616336368171217,19.186948246194135
1.204093769197685,0.9283946280500398,18.855780684613705
1.188508249389616,0.9962215303998415,18.530876314093266
1.1783464448470675,1.0653345585241827,18.212155388985522
1.1733490244655886,1.135972135947911,17.8995466076277
1.1732893216970113,1.2083893243532735,17.592987081136073
1.1779722751787813,1.2828566279154474,17.292422419605874
1.1872333567098252,1.3596591877449349,16.997806934167922
1.200937513511733,1.4390963111222577,16.70910395545317
1.2189781763302243,1.521481272709131,16.426286282589068
1.2412763302054581,1.6071413678537807,16.149336763422724
1.2677796471102387,1.696418202287165,15.87824900970852
1.2984616999476488,1.789668178781577,15.613028261746969
1.3333212666785814,1.8872631550087842,15.353692406717874
1.3723817297978744,1.989591248706137,15.100273167605721
1.4156905644512083,2.0970577729543667,14.852817476192957
1.4633189282090224,2.2100862718247085,14.611389045655132
1.515361344095481,2.329119639915369,14.376070166839364
1.571935480601448,2.454621297807677,14.146963748146165
1.633182022744772,2.5870764033458244,13.924195624800143
1.699264627280062,2.7269930706236147,13.707917171876847
1.7703699611302206,2.874903562785662,13.498308250458681
1.8467078172771123,3.0313654408596165,13.295580510213734
1.9285112807422993,3.19696258906724,13.099981135524649
2.0160369644472667,3.372306135448856,12.911797004104338
2.1095652620672665,3.5580351240598667,12.731359389562131
2.209400642752858,3.7548169814272554,12.559049175863443
2.3158719217433523,3.9633475669747393,12.395302722302235
2.429332527305956,4.184350858758936,12.240618350594517
2.5501606900672655,4.418578015928282,12.095563586611528
2.6787595557264456,4.666805806579492,11.960783151002211
2.8155571538060724,4.929834161428247,11.837007800546052
2.961006173324106,5.2084826742746,11.725064022767484
